timestamp_utc,timestamp_ist,status,temperature_c,precipitation_mm,rain_mm,weather_code,cloud_cover_pct
2026-09-27T06:31:36Z,2026-09-27 12:01:36,ok,29.7,0.0,0.0,0,11
2026-09-27T07:41:00Z,2026-09-27 13:11:00,ok,30.5,0.0,0.0,1,41
2026-09-27T08:27:26Z,2026-09-27 13:57:26,ok,30.9,0.0,0.0,1,27
2026-09-27T08:37:00Z,2026-09-27 14:07:00,ok,30.9,0.0,0.0,1,22
2026-09-27T08:52:00Z,2026-09-27 14:22:00,ok,30.9,0.0,0.0,0,17
2026-09-27T09:07:00Z,2026-09-27 14:37:00,ok,30.9,0.0,0.0,0,13
2026-09-27T09:22:00Z,2026-09-27 14:52:00,ok,30.9,0.0,0.0,0,11
2026-09-27T09:37:00Z,2026-09-27 15:07:00,ok,30.9,0.0,0.0,0,11
2026-09-27T09:52:00Z,2026-09-27 15:22:00,ok,30.8,0.0,0.0,0,11
2026-09-27T10:07:01Z,2026-09-27 15:37:01,ok,30.7,0.0,0.0,0,12
2026-09-27T10:22:00Z,2026-09-27 15:52:00,ok,30.6,0.0,0.0,0,13
2026-09-27T10:37:00Z,2026-09-27 16:07:00,ok,30.6,0.0,0.0,0,14
2026-09-27T10:52:00Z,2026-09-27 16:22:00,ok,30.4,0.0,0.0,0,15
2026-09-27T11:07:00Z,2026-09-27 16:37:00,ok,30.3,0.0,0.0,0,16
2026-09-27T11:22:00Z,2026-09-27 16:52:00,ok,30.1,0.0,0.0,0,17
2026-09-27T11:37:00Z,2026-09-27 17:07:00,ok,29.8,0.0,0.0,0,19
2026-09-27T11:52:00Z,2026-09-27 17:22:00,ok,29.5,0.0,0.0,1,21
2026-09-27T12:07:00Z,2026-09-27 17:37:00,ok,29.2,0.0,0.0,1,22
2026-09-27T12:22:00Z,2026-09-27 17:52:00,ok,29.0,0.0,0.0,1,23
2026-09-27T12:37:00Z,2026-09-27 18:07:00,ok,28.5,0.0,0.0,1,32
2026-09-27T12:52:00Z,2026-09-27 18:22:00,ok,28.2,0.0,0.0,1,25
