timestamp_utc,timestamp_ist,segment_id,status,frc,current_speed_kmph,free_flow_speed_kmph,current_travel_time_s,free_flow_travel_time_s,confidence,road_closure,seg_start_lat,seg_start_lon,seg_end_lat,seg_end_lon
2026-09-30T18:37:00Z,2026-10-01 00:07:00,orr_ccw_01,ok,FRC2,28,28,531,531,1,False,12.914312079594005,77.59987143278119,12.91632913467243,77.63492924571847
2026-09-30T18:37:00Z,2026-10-01 00:07:00,orr_ccw_02,ok,FRC2,23,23,107,107,1,False,12.91632913467243,77.63492924571847,12.917313432684539,77.64083412886617
2026-09-30T18:37:00Z,2026-10-01 00:07:00,orr_ccw_03,ok,FRC1,39,39,94,94,1,False,12.917313432684539,77.64083412886617,12.923976051130884,77.64726874829438
2026-09-30T18:37:00Z,2026-10-01 00:07:00,orr_ccw_04,ok,FRC1,36,36,206,206,1,False,12.923976051130884,77.64726874829438,12.920456983978704,77.6656123757515
2026-09-30T18:37:00Z,2026-10-01 00:07:00,orr_iblur,ok,FRC1,42,42,169,169,1,False,12.92075738312682,77.66533074380487,12.928526460252453,77.68170697094911
2026-09-30T18:37:00Z,2026-10-01 00:07:00,orr_bellandur,ok,FRC1,49,49,51,51,1,False,12.928526460252453,77.68170697094911,12.93191543996225,77.68717197181826
2026-09-30T18:37:00Z,2026-10-01 00:07:00,orr_ccw_07,ok,FRC1,46,46,112,112,1,False,12.93191543996225,77.68717197181826,12.94125482917495,77.69626600148536
2026-09-30T18:37:00Z,2026-10-01 00:07:00,orr_doddanekundi,ok,FRC1,41,41,647,647,1,False,12.94125482917495,77.69626600148536,13.000288982126634,77.68031892778362
2026-09-30T18:37:00Z,2026-10-01 00:07:00,orr_mahadevapura,ok,FRC1,35,46,437,332,1,False,13.000373429575006,77.67881152631685,12.969829756831466,77.70065275433024
2026-09-30T18:37:00Z,2026-10-01 00:07:00,orr_marathahalli,ok,FRC1,40,40,349,349,1,False,12.969829756831466,77.70065275433024,12.937285233242429,77.69319621326713
2026-09-30T18:37:00Z,2026-10-01 00:07:00,orr_cw_03,ok,FRC1,45,45,70,70,1,False,12.937285233242429,77.69319621326713,12.931856375841525,77.68727389576082
2026-09-30T18:37:00Z,2026-10-01 00:07:00,orr_cw_04,ok,FRC1,49,49,52,52,1,False,12.931856375841525,77.68727389576082,12.928431204782255,77.6817767083835
2026-09-30T18:37:00Z,2026-10-01 00:07:00,orr_cw_05,ok,FRC1,31,41,372,281,1,False,12.928431204782255,77.6817767083835,12.92365016676366,77.65453217030841
2026-09-30T18:37:00Z,2026-10-01 00:07:00,orr_cw_06,ok,FRC2,23,27,124,105,0.958097,False,12.923682354910097,77.65436721445394,12.923860778469008,77.64722315074113
2026-09-30T18:37:00Z,2026-10-01 00:07:00,orr_cw_07,ok,FRC1,28,28,129,129,1,False,12.923860778469008,77.64722315074113,12.917273237323744,77.64092666507719
2026-09-30T18:37:00Z,2026-10-01 00:07:00,orr_hsr,ok,FRC1,43,43,59,59,1,False,12.917273237323744,77.64092666507719,12.916244577017903,77.63487560153817
2026-09-30T18:37:00Z,2026-10-01 00:07:00,orr_cw_09,ok,FRC1,29,29,141,141,1,False,12.916244577017903,77.63487560153817,12.917561549026608,77.62450081706618
2026-09-30T20:37:00Z,2026-10-01 02:07:00,orr_ccw_01,ok,FRC2,28,28,531,531,1,False,12.914312079594005,77.59987143278119,12.91632913467243,77.63492924571847
2026-09-30T20:37:00Z,2026-10-01 02:07:00,orr_ccw_02,ok,FRC2,23,23,107,107,1,False,12.91632913467243,77.63492924571847,12.917313432684539,77.64083412886617
2026-09-30T20:37:00Z,2026-10-01 02:07:00,orr_ccw_03,ok,FRC1,39,39,94,94,1,False,12.917313432684539,77.64083412886617,12.923976051130884,77.64726874829438
2026-09-30T20:37:00Z,2026-10-01 02:07:00,orr_ccw_04,ok,FRC1,36,36,206,206,1,False,12.923976051130884,77.64726874829438,12.920456983978704,77.6656123757515
2026-09-30T20:37:00Z,2026-10-01 02:07:00,orr_iblur,ok,FRC1,42,42,169,169,1,False,12.92075738312682,77.66533074380487,12.928526460252453,77.68170697094911
2026-09-30T20:37:00Z,2026-10-01 02:07:00,orr_bellandur,ok,FRC1,49,49,51,51,1,False,12.928526460252453,77.68170697094911,12.93191543996225,77.68717197181826
2026-09-30T20:37:00Z,2026-10-01 02:07:00,orr_ccw_07,ok,FRC1,46,46,112,112,1,False,12.93191543996225,77.68717197181826,12.94125482917495,77.69626600148536
2026-09-30T20:37:00Z,2026-10-01 02:07:00,orr_doddanekundi,ok,FRC1,41,41,647,647,1,False,12.94125482917495,77.69626600148536,13.000288982126634,77.68031892778362
2026-09-30T20:37:00Z,2026-10-01 02:07:00,orr_mahadevapura,ok,FRC1,46,46,332,332,1,False,13.000373429575006,77.67881152631685,12.969829756831466,77.70065275433024
2026-09-30T20:37:00Z,2026-10-01 02:07:00,orr_marathahalli,ok,FRC1,40,40,349,349,1,False,12.969829756831466,77.70065275433024,12.937285233242429,77.69319621326713
2026-09-30T20:37:00Z,2026-10-01 02:07:00,orr_cw_03,ok,FRC1,32,45,99,70,1,False,12.937285233242429,77.69319621326713,12.931856375841525,77.68727389576082
2026-09-30T20:37:00Z,2026-10-01 02:07:00,orr_cw_04,ok,FRC1,49,49,52,52,1,False,12.931856375841525,77.68727389576082,12.928431204782255,77.6817767083835
2026-09-30T20:37:00Z,2026-10-01 02:07:00,orr_cw_05,ok,FRC1,28,42,411,274,0.986283,False,12.928431204782255,77.6817767083835,12.92365016676366,77.65453217030841
2026-09-30T20:37:00Z,2026-10-01 02:07:00,orr_cw_06,ok,FRC2,24,27,119,105,0.944911,False,12.923682354910097,77.65436721445394,12.923860778469008,77.64722315074113
2026-09-30T20:37:00Z,2026-10-01 02:07:00,orr_cw_07,ok,FRC1,28,28,129,129,1,False,12.923860778469008,77.64722315074113,12.917273237323744,77.64092666507719
2026-09-30T20:37:00Z,2026-10-01 02:07:00,orr_hsr,ok,FRC1,43,43,59,59,1,False,12.917273237323744,77.64092666507719,12.916244577017903,77.63487560153817
2026-09-30T20:37:00Z,2026-10-01 02:07:00,orr_cw_09,ok,FRC1,29,29,141,141,1,False,12.916244577017903,77.63487560153817,12.917561549026608,77.62450081706618
2026-09-30T20:37:00Z,2026-10-01 02:07:00,hosur_bommanahalli,ok,FRC1,40,40,58,58,1,False,12.909218593796567,77.62749282122297,12.91427319093241,77.62440291643713
2026-09-30T20:37:00Z,2026-10-01 02:07:00,hosur_02,ok,FRC2,28,28,1019,1019,1,False,12.91427319093241,77.62440291643713,12.967995120478843,77.60036361813553
2026-09-30T20:37:00Z,2026-10-01 02:07:00,old_airport_konena,ok,FRC2,33,33,1597,1597,1,False,12.956720480405576,77.74534372094678,12.972658179083226,77.61948508620713
2026-09-30T20:37:00Z,2026-10-01 02:07:00,varthur_kundalahalli,ok,FRC2,35,35,1503,1503,1,False,12.972670267685029,77.61953604817847,12.956926979936062,77.74537054303693
