segment_id,length_km,frc,osm_road,osm_name,lanes,maxspeed_kmph,oneway,bridge_share,tunnel_share,signals,signals_per_km,dist_signal_start_m,dist_signal_end_m,intersections,intersections_per_km,schools,hospitals,malls,offices,bus_stops,metro
orr_ccw_01,4.13,FRC2,trunk,Outer Ring Road,3.0,60.0,yes,0.01,0.0,33,7.99,144,267,55,13.32,20,18,14,64,38,20
orr_ccw_02,0.687,FRC2,tertiary,Outer Ring Road,2.7,30.0,yes,0.0,0.0,7,10.2,267,306,6,8.74,9,4,3,12,8,0
orr_ccw_03,1.024,FRC1,trunk,Outer Ring Road,3.0,60.0,yes,0.0,0.0,6,5.86,306,295,7,6.84,4,1,0,5,6,0
orr_ccw_04,2.064,FRC1,trunk,Outer Ring Road,3.0,60.0,yes,0.28,0.0,7,3.39,295,41,19,9.2,5,6,1,9,12,0
orr_iblur,1.974,FRC1,trunk,Outer Ring Road,3.0,60.0,yes,0.2,0.0,7,3.55,15,317,25,12.66,4,7,7,53,13,0
orr_bellandur,0.708,FRC1,trunk,Outer Ring Road,3.0,50.0,yes,0.25,0.0,2,2.83,317,296,6,8.48,0,3,0,46,4,0
orr_ccw_07,1.44,FRC1,trunk,Outer Ring Road,3.0,60.0,yes,0.0,0.0,4,2.78,296,215,9,6.25,1,3,2,50,6,0
orr_doddanekundi,7.378,FRC1,trunk,Outer Ring Road,3.0,60.0,yes,0.08,0.01,4,0.54,215,379,64,8.67,13,6,14,59,32,2
orr_mahadevapura,4.249,FRC1,trunk,Outer Ring Road,3.0,40.0,yes,0.19,0.0,0,0.0,218,1216,36,8.47,7,2,6,25,22,4
orr_marathahalli,3.882,FRC1,trunk,Outer Ring Road,3.0,40.0,yes,0.01,0.01,4,1.03,1216,294,33,8.5,9,4,8,51,16,0
orr_cw_03,0.881,FRC1,trunk,Outer Ring Road,3.0,60.0,yes,0.0,0.0,0,0.0,294,299,8,9.08,1,3,0,41,4,0
orr_cw_04,0.713,FRC1,trunk,Outer Ring Road,2.9,60.0,yes,0.12,0.0,4,5.61,299,316,7,9.82,0,3,0,48,4,0
orr_cw_05,3.204,FRC1,trunk,Outer Ring Road,3.0,60.0,yes,0.23,0.0,5,1.56,316,293,29,9.05,4,10,7,56,14,0
orr_cw_06,0.793,FRC2,primary,Outer Ring Road,2.6,40.0,yes,0.12,0.0,6,7.56,275,304,9,11.34,2,3,0,4,7,0
orr_cw_07,1.007,FRC1,trunk,Outer Ring Road,3.0,60.0,yes,0.0,0.0,7,6.95,304,314,7,6.95,4,1,0,5,6,0
orr_hsr,0.711,FRC1,trunk,Outer Ring Road,2.9,60.0,yes,0.44,0.0,4,5.62,314,261,5,7.03,9,4,3,14,8,0
orr_cw_09,1.141,FRC1,trunk,Outer Ring Road,3.0,60.0,yes,0.0,0.0,4,3.51,261,148,6,5.26,6,9,6,34,18,0
hosur_bommanahalli,0.654,FRC1,trunk,Hosur Road,2.9,80.0,yes,0.0,0.0,0,0.0,266,342,6,9.17,1,4,2,7,8,2
hosur_02,7.93,FRC2,primary,Hosur Road,2.7,60.0,yes,0.05,0.01,63,7.94,342,10,80,10.09,41,10,19,101,78,3
old_airport_konena,14.647,FRC2,primary,Varthur Road,2.1,40.0,yes,0.01,0.01,64,4.37,558,13,141,9.63,21,25,31,145,74,4
varthur_kundalahalli,14.618,FRC2,primary,Varthur Road,2.0,40.0,yes,0.01,0.01,63,4.31,7,536,137,9.37,21,26,31,143,74,4
