from_id,to_id,kind,gap_m,lat,lon
orr_ccw_01,orr_ccw_02,flow,0,12.91633,77.63493
orr_ccw_02,orr_ccw_03,flow,0,12.91731,77.64083
orr_ccw_03,orr_ccw_04,flow,0,12.92398,77.64727
orr_ccw_04,orr_iblur,flow,45,12.92046,77.66561
orr_iblur,orr_bellandur,flow,0,12.92853,77.68171
orr_bellandur,orr_ccw_07,flow,0,12.93192,77.68717
orr_ccw_07,orr_doddanekundi,flow,0,12.94125,77.69627
orr_mahadevapura,orr_marathahalli,flow,0,12.96983,77.70065
orr_marathahalli,orr_cw_03,flow,0,12.93729,77.6932
orr_cw_03,orr_cw_04,flow,0,12.93186,77.68727
orr_cw_04,orr_cw_05,flow,0,12.92843,77.68178
orr_cw_05,orr_cw_06,flow,18,12.92365,77.65453
orr_cw_06,orr_cw_07,flow,0,12.92386,77.64722
orr_cw_07,orr_hsr,flow,0,12.91727,77.64093
orr_hsr,orr_cw_09,flow,0,12.91624,77.63488
hosur_bommanahalli,hosur_02,flow,0,12.91427,77.6244
orr_ccw_01,hosur_02,crossing,0,12.91731,77.62266
orr_doddanekundi,old_airport_konena,crossing,8,12.95684,77.70108
orr_doddanekundi,varthur_kundalahalli,crossing,4,12.95702,77.7011
orr_marathahalli,old_airport_konena,crossing,7,12.95697,77.70123
orr_marathahalli,varthur_kundalahalli,crossing,1,12.95697,77.70123
